{ 
"Cliente":
 [  
    {
        "ID": 1,
        "Estado_civil": "S",
        "Qtde_filhos": 1
    },
    {
        "ID": 2,
        "Estado_civil": "C",
        "Qtde_filhos": 2
    },
    {
        "ID": 3,
        "Estado_civil": "C",
        "Qtde_filhos": 4
    },
    {
        "ID": 4,
        "Estado_civil": "S",
        "Qtde_filhos": 3
    },
    {
        "ID": 5,
        "Estado_civil": "C",
        "Qtde_filhos": 1
    },
    {
        "ID": 6,
        "Estado_civil": "S",
        "Qtde_filhos": 1
    },
    {
        "ID": 7,
        "Estado_civil": "C",
        "Qtde_filhos": 0
    },
    {
        "ID": 8,
        "Estado_civil": "C",
        "Qtde_filhos": 1
    },
    {
        "ID": 9,
        "Estado_civil": "S",
        "Qtde_filhos": 2
    },
    {
        "ID": 10,
        "Estado_civil": "S",
        "Qtde_filhos": 4
    },
    {
        "ID": 11,
        "Estado_civil": "C",
        "Qtde_filhos": 3
    },
    {
        "ID": 12,
        "Estado_civil": "S",
        "Qtde_filhos": 2
    },
    {
        "ID": 13,
        "Estado_civil": "C",
        "Qtde_filhos": 1
    },
    {
        "ID": 14,
        "Estado_civil": "S",
        "Qtde_filhos": 0
    },
    {
        "ID": 15,
        "Estado_civil": "S",
        "Qtde_filhos": 0
    },
    {
        "ID": 16,
        "Estado_civil": "S",
        "Qtde_filhos": 2
    },
    {
        "ID": 17,
        "Estado_civil": "S",
        "Qtde_filhos": 2
    },
    {
        "ID": 18,
        "Estado_civil": "S",
        "Qtde_filhos": 2
    },
    {
        "ID": 19,
        "Estado_civil": "S",
        "Qtde_filhos": 0
    },
    {
        "ID": 20,
        "Estado_civil": "C",
        "Qtde_filhos": 1
    },
    {
        "ID": 21,
        "Estado_civil": "S",
        "Qtde_filhos": 2
    },
    {
        "ID": 22,
        "Estado_civil": "S",
        "Qtde_filhos": 2
    },
    {
        "ID": 23,
        "Estado_civil": "S",
        "Qtde_filhos": 4
    },
    {
        "ID": 24,
        "Estado_civil": "C",
        "Qtde_filhos": 4
    },
    {
        "ID": 25,
        "Estado_civil": "C",
        "Qtde_filhos": 2
    },
    {
        "ID": 26,
        "Estado_civil": "C",
        "Qtde_filhos": 4
    },
    {
        "ID": 27,
        "Estado_civil": "C",
        "Qtde_filhos": 2
    },
    {
        "ID": 28,
        "Estado_civil": "C",
        "Qtde_filhos": 3
    },
    {
        "ID": 29,
        "Estado_civil": "S",
        "Qtde_filhos": 3
    },
    {
        "ID": 30,
        "Estado_civil": "C",
        "Qtde_filhos": 4
    },
    {
        "ID": 31,
        "Estado_civil": "C",
        "Qtde_filhos": 4
    },
    {
        "ID": 32,
        "Estado_civil": "C",
        "Qtde_filhos": 2
    },
    {
        "ID": 33,
        "Estado_civil": "C",
        "Qtde_filhos": 4
    },
    {
        "ID": 34,
        "Estado_civil": "C",
        "Qtde_filhos": 2
    },
    {
        "ID": 35,
        "Estado_civil": "C",
        "Qtde_filhos": 4
    },
    {
        "ID": 36,
        "Estado_civil": "S",
        "Qtde_filhos": 2
    },
    {
        "ID": 37,
        "Estado_civil": "C",
        "Qtde_filhos": 0
    },
    {
        "ID": 38,
        "Estado_civil": "S",
        "Qtde_filhos": 1
    },
    {
        "ID": 39,
        "Estado_civil": "C",
        "Qtde_filhos": 0
    },
    {
        "ID": 40,
        "Estado_civil": "C",
        "Qtde_filhos": 2
    },
    {
        "ID": 41,
        "Estado_civil": "C",
        "Qtde_filhos": 0
    },
    {
        "ID": 42,
        "Estado_civil": "C",
        "Qtde_filhos": 1
    },
    {
        "ID": 43,
        "Estado_civil": "S",
        "Qtde_filhos": 1
    },
    {
        "ID": 44,
        "Estado_civil": "C",
        "Qtde_filhos": 4
    },
    {
        "ID": 45,
        "Estado_civil": "S",
        "Qtde_filhos": 1
    },
    {
        "ID": 46,
        "Estado_civil": "S",
        "Qtde_filhos": 1
    },
    {
        "ID": 47,
        "Estado_civil": "C",
        "Qtde_filhos": 3
    },
    {
        "ID": 48,
        "Estado_civil": "C",
        "Qtde_filhos": 1
    },
    {
        "ID": 49,
        "Estado_civil": "C",
        "Qtde_filhos": 0
    },
    {
        "ID": 50,
        "Estado_civil": "S",
        "Qtde_filhos": 3
    },
    {
        "ID": 51,
        "Estado_civil": "S",
        "Qtde_filhos": 4
    },
    {
        "ID": 52,
        "Estado_civil": "S",
        "Qtde_filhos": 3
    },
    {
        "ID": 53,
        "Estado_civil": "S",
        "Qtde_filhos": 4
    },
    {
        "ID": 54,
        "Estado_civil": "C",
        "Qtde_filhos": 0
    },
    {
        "ID": 55,
        "Estado_civil": "S",
        "Qtde_filhos": 3
    },
    {
        "ID": 56,
        "Estado_civil": "S",
        "Qtde_filhos": 2
    },
    {
        "ID": 57,
        "Estado_civil": "C",
        "Qtde_filhos": 0
    },
    {
        "ID": 58,
        "Estado_civil": "S",
        "Qtde_filhos": 3
    },
    {
        "ID": 59,
        "Estado_civil": "C",
        "Qtde_filhos": 1
    },
    {
        "ID": 60,
        "Estado_civil": "S",
        "Qtde_filhos": 2
    },
    {
        "ID": 61,
        "Estado_civil": "S",
        "Qtde_filhos": 0
    },
    {
        "ID": 62,
        "Estado_civil": "S",
        "Qtde_filhos": 3
    },
    {
        "ID": 63,
        "Estado_civil": "C",
        "Qtde_filhos": 1
    },
    {
        "ID": 64,
        "Estado_civil": "S",
        "Qtde_filhos": 0
    },
    {
        "ID": 65,
        "Estado_civil": "S",
        "Qtde_filhos": 4
    },
    {
        "ID": 66,
        "Estado_civil": "C",
        "Qtde_filhos": 2
    },
    {
        "ID": 67,
        "Estado_civil": "C",
        "Qtde_filhos": 1
    },
    {
        "ID": 68,
        "Estado_civil": "S",
        "Qtde_filhos": 2
    },
    {
        "ID": 69,
        "Estado_civil": "S",
        "Qtde_filhos": 1
    },
    {
        "ID": 70,
        "Estado_civil": "S",
        "Qtde_filhos": 4
    },
    {
        "ID": 71,
        "Estado_civil": "C",
        "Qtde_filhos": 1
    },
    {
        "ID": 72,
        "Estado_civil": "S",
        "Qtde_filhos": 4
    },
    {
        "ID": 73,
        "Estado_civil": "S",
        "Qtde_filhos": 3
    },
    {
        "ID": 74,
        "Estado_civil": "C",
        "Qtde_filhos": 3
    },
    {
        "ID": 75,
        "Estado_civil": "C",
        "Qtde_filhos": 3
    },
    {
        "ID": 76,
        "Estado_civil": "C",
        "Qtde_filhos": 1
    },
    {
        "ID": 77,
        "Estado_civil": "C",
        "Qtde_filhos": 0
    },
    {
        "ID": 78,
        "Estado_civil": "C",
        "Qtde_filhos": 2
    },
    {
        "ID": 79,
        "Estado_civil": "S",
        "Qtde_filhos": 4
    },
    {
        "ID": 80,
        "Estado_civil": "S",
        "Qtde_filhos": 4
    },
    {
        "ID": 81,
        "Estado_civil": "C",
        "Qtde_filhos": 1
    },
    {
        "ID": 82,
        "Estado_civil": "S",
        "Qtde_filhos": 0
    },
    {
        "ID": 83,
        "Estado_civil": "C",
        "Qtde_filhos": 4
    },
    {
        "ID": 84,
        "Estado_civil": "C",
        "Qtde_filhos": 2
    },
    {
        "ID": 85,
        "Estado_civil": "C",
        "Qtde_filhos": 0
    },
    {
        "ID": 86,
        "Estado_civil": "C",
        "Qtde_filhos": 4
    },
    {
        "ID": 87,
        "Estado_civil": "S",
        "Qtde_filhos": 0
    },
    {
        "ID": 88,
        "Estado_civil": "C",
        "Qtde_filhos": 4
    },
    {
        "ID": 89,
        "Estado_civil": "C",
        "Qtde_filhos": 3
    },
    {
        "ID": 90,
        "Estado_civil": "C",
        "Qtde_filhos": 1
    }
  ]
}